<?xml version="1.0"?>
<doc>
    <assembly>
        <name>skat</name>
    </assembly>
    <members>
        <member name="M:skat.Afgift.BilAfgift(System.Int32)">
            <summary>
            Personlig bil afgift, som tager udgangspunkt i mellem to varianter. Dem over 200000 og dem under.
            </summary>
            <param name="pris"></param>
            <returns></returns>
        </member>
        <member name="M:skat.Afgift.ElBilAfgift(System.Int32)">
            <summary>
            Metode til El bil afgift, som tager udgangspunkt i mellem to varianter. Dem over 200000 og dem under.
            </summary>
            <param name="pris"></param>
            <returns></returns>
        </member>
    </members>
</doc>
